session_id,attack_detected,Usage
SID_02091,1,Private
SID_03597,0,Public
SID_08387,1,Private
SID_02105,1,Private
SID_01892,1,Public
SID_01947,0,Private
SID_03237,1,Public
SID_03249,0,Public
SID_00623,1,Public
SID_08894,0,Private
SID_02797,1,Private
SID_02516,0,Public
SID_02228,1,Private
SID_08434,1,Public
SID_06529,0,Public
SID_01634,1,Private
SID_08953,1,Private
SID_04591,1,Public
SID_05188,0,Public
SID_00955,0,Private
SID_08514,1,Public
SID_05397,1,Public
SID_06262,0,Private
SID_08012,0,Private
SID_03814,1,Public
SID_04132,0,Public
SID_03091,1,Public
SID_04825,0,Private
SID_07045,1,Private
SID_02927,1,Private
SID_02655,1,Public
SID_06816,0,Public
SID_09417,0,Private
SID_04393,0,Private
SID_00537,1,Public
SID_04763,0,Private
SID_05039,0,Private
SID_02542,0,Private
SID_06334,0,Public
SID_04529,0,Private
SID_07611,1,Public
SID_01564,0,Public
SID_05414,1,Public
SID_04235,1,Public
SID_02956,0,Private
SID_00384,0,Private
SID_06037,1,Public
SID_04779,1,Private
SID_02844,1,Public
SID_01771,0,Private
SID_05637,0,Private
SID_01165,1,Private
SID_01428,0,Private
SID_06995,0,Public
SID_01578,0,Public
SID_02933,1,Private
SID_05739,0,Private
SID_02358,0,Public
SID_06281,0,Public
SID_07290,1,Private
SID_04216,0,Private
SID_07255,1,Private
SID_07791,0,Public
SID_07612,0,Private
SID_07305,0,Public
SID_07583,0,Private
SID_08576,1,Private
SID_01933,0,Private
SID_00804,0,Public
SID_04603,1,Private
SID_06665,1,Private
SID_01755,1,Private
SID_00019,1,Private
SID_03524,1,Public
SID_00262,0,Private
SID_08997,1,Private
SID_06783,0,Private
SID_00525,1,Public
SID_08307,1,Public
SID_03780,0,Public
SID_04274,0,Private
SID_07582,1,Public
SID_02743,1,Private
SID_03605,1,Private
SID_08015,1,Public
SID_00745,0,Private
SID_01003,1,Public
SID_01468,0,Private
SID_07309,1,Private
SID_08297,1,Public
SID_07231,0,Private
SID_03660,1,Public
SID_07574,1,Private
SID_04424,0,Private
SID_04192,1,Public
SID_03773,1,Public
SID_00576,1,Private
SID_03609,0,Private
SID_08504,1,Private
SID_06040,0,Public
SID_01337,0,Public
SID_06093,0,Private
SID_01720,1,Private
SID_03361,1,Public
SID_03649,1,Public
SID_07657,0,Public
SID_06880,1,Public
SID_04690,1,Private
SID_04907,0,Private
SID_03293,1,Public
SID_05952,1,Public
SID_07166,0,Public
SID_04330,0,Private
SID_01041,0,Private
SID_09367,0,Private
SID_02161,1,Public
SID_00657,1,Public
SID_04855,0,Public
SID_09405,1,Public
SID_08110,0,Private
SID_07631,0,Public
SID_06133,1,Private
SID_08019,1,Private
SID_08969,1,Private
SID_05392,1,Private
SID_01122,0,Public
SID_05405,1,Private
SID_00678,1,Private
SID_00869,0,Public
SID_00666,1,Public
SID_04721,1,Public
SID_05664,0,Private
SID_09487,1,Public
SID_07497,0,Private
SID_01452,0,Public
SID_07180,0,Private
SID_04708,0,Private
SID_06175,0,Public
SID_06234,1,Public
SID_09402,1,Public
SID_08679,0,Private
SID_03760,1,Private
SID_04251,1,Public
SID_01131,0,Public
SID_00111,0,Private
SID_05767,0,Private
SID_06904,0,Private
SID_06086,1,Private
SID_01713,1,Private
SID_03763,0,Public
SID_01750,0,Private
SID_08369,1,Private
SID_05191,0,Private
SID_09314,0,Public
SID_01342,1,Public
SID_04159,0,Public
SID_00354,1,Public
SID_06993,1,Public
SID_02895,1,Public
SID_07382,1,Private
SID_06128,0,Public
SID_00810,1,Public
SID_09138,1,Private
SID_04906,0,Public
SID_04645,0,Public
SID_07481,0,Private
SID_08306,0,Private
SID_03102,1,Private
SID_07995,0,Private
SID_08313,0,Private
SID_01815,1,Public
SID_00895,1,Public
SID_06833,0,Public
SID_08782,0,Private
SID_05083,0,Private
SID_05990,0,Public
SID_09495,0,Private
SID_03215,1,Public
SID_07004,1,Private
SID_06260,0,Public
SID_02437,1,Public
SID_03138,1,Public
SID_08023,0,Private
SID_00194,0,Public
SID_04240,0,Public
SID_07347,0,Private
SID_07509,0,Public
SID_09176,0,Private
SID_04196,1,Public
SID_03303,1,Private
SID_00556,0,Private
SID_05712,0,Private
SID_03629,0,Public
SID_04084,1,Public
SID_04233,1,Private
SID_06274,0,Private
SID_04772,0,Public
SID_00329,0,Public
SID_00401,1,Public
SID_09115,0,Public
SID_06136,1,Public
SID_07596,0,Private
SID_00587,1,Public
SID_00597,0,Private
SID_06506,0,Public
SID_09256,0,Private
SID_02541,1,Private
SID_09135,1,Public
SID_03373,0,Public
SID_06876,1,Public
SID_04467,0,Private
SID_06985,0,Public
SID_00499,0,Private
SID_06630,1,Private
SID_02245,0,Private
SID_06123,0,Public
SID_00325,0,Public
SID_07806,1,Public
SID_04553,1,Public
SID_01008,1,Public
SID_06389,0,Private
SID_00367,1,Public
SID_03152,0,Private
SID_04202,1,Private
SID_03957,1,Public
SID_07448,0,Public
SID_05014,0,Private
SID_05323,0,Public
SID_09497,0,Public
SID_09084,0,Public
SID_08680,1,Public
SID_00406,0,Private
SID_09086,1,Private
SID_07772,0,Public
SID_01679,0,Public
SID_00405,0,Private
SID_06462,0,Private
SID_06520,1,Public
SID_07044,0,Public
SID_02054,1,Public
SID_08215,1,Public
SID_00173,1,Public
SID_06170,0,Private
SID_02246,1,Private
SID_04007,0,Public
SID_07601,1,Public
SID_06734,1,Private
SID_04806,1,Private
SID_01936,1,Private
SID_05199,0,Public
SID_08538,0,Private
SID_09391,0,Public
SID_09348,1,Private
SID_00639,0,Private
SID_00738,0,Private
SID_04577,1,Private
SID_08068,1,Private
SID_06861,0,Public
SID_01514,1,Private
SID_07954,1,Private
SID_03636,0,Private
SID_07327,0,Private
SID_01993,1,Private
SID_07727,0,Public
SID_05953,0,Private
SID_04271,1,Public
SID_01539,1,Private
SID_02436,0,Public
SID_03256,1,Public
SID_07991,0,Private
SID_02282,0,Public
SID_05008,1,Public
SID_07217,0,Private
SID_01899,1,Private
SID_02354,0,Private
SID_07427,0,Private
SID_04598,0,Public
SID_05030,0,Private
SID_08684,0,Public
SID_08127,0,Public
SID_06607,0,Public
SID_04864,1,Private
SID_03689,1,Public
SID_05033,0,Private
SID_02899,0,Private
SID_09338,1,Private
SID_02409,1,Public
SID_01505,0,Public
SID_01394,0,Private
SID_01515,0,Private
SID_08842,0,Public
SID_09021,1,Public
SID_05954,0,Private
SID_05581,1,Public
SID_01142,1,Private
SID_02832,0,Public
SID_02089,1,Private
SID_00350,1,Private
SID_05807,0,Private
SID_08515,0,Private
SID_08820,0,Private
SID_08163,0,Private
SID_08806,0,Private
SID_07295,1,Public
SID_03598,0,Public
SID_07957,0,Public
SID_03151,0,Private
SID_06417,0,Private
SID_08834,0,Private
SID_06759,1,Public
SID_07283,1,Private
SID_04939,0,Public
SID_00864,1,Public
SID_05403,0,Private
SID_08620,0,Private
SID_04540,0,Private
SID_06036,0,Public
SID_01946,0,Private
SID_08280,1,Public
SID_06894,0,Public
SID_01518,0,Private
SID_04634,1,Public
SID_02071,0,Public
SID_03379,0,Private
SID_04410,1,Public
SID_00218,1,Private
SID_04756,0,Public
SID_03526,1,Public
SID_03242,1,Private
SID_08933,1,Private
SID_08054,1,Public
SID_06943,0,Private
SID_00157,0,Private
SID_06009,0,Private
SID_05597,0,Private
SID_01504,0,Public
SID_05859,0,Public
SID_05076,0,Public
SID_06066,0,Private
SID_09177,1,Private
SID_00674,0,Public
SID_05350,1,Private
SID_03584,0,Public
SID_01889,1,Private
SID_03280,0,Public
SID_04609,1,Public
SID_07419,1,Private
SID_00500,1,Private
SID_09353,1,Public
SID_02449,0,Public
SID_03705,1,Public
SID_06328,1,Private
SID_05330,0,Public
SID_05544,0,Public
SID_00243,0,Public
SID_05780,1,Public
SID_01199,0,Public
SID_05499,0,Private
SID_00069,1,Private
SID_03412,1,Public
SID_02613,1,Public
SID_04065,0,Private
SID_00056,1,Private
SID_05991,0,Private
SID_02144,1,Public
SID_08990,1,Private
SID_00259,1,Public
SID_07793,0,Public
SID_03924,0,Public
SID_06596,0,Private
SID_08945,0,Private
SID_01300,1,Public
SID_02862,0,Private
SID_00771,1,Public
SID_02125,1,Private
SID_03746,1,Public
SID_02850,1,Public
SID_08383,0,Private
SID_07567,1,Private
SID_02367,0,Public
SID_08688,1,Public
SID_02370,1,Public
SID_01737,0,Public
SID_05622,0,Private
SID_06045,0,Private
SID_01190,0,Private
SID_08501,0,Public
SID_07034,1,Private
SID_08612,0,Public
SID_03035,1,Private
SID_04189,1,Private
SID_08089,1,Public
SID_03047,0,Public
SID_05034,0,Public
SID_03910,0,Private
SID_05562,1,Public
SID_02843,0,Public
SID_03386,0,Public
SID_07476,0,Public
SID_02634,1,Public
SID_03182,0,Private
SID_01988,1,Private
SID_08476,0,Public
SID_09174,1,Private
SID_06937,0,Private
SID_03273,0,Private
SID_08022,0,Private
SID_01486,0,Public
SID_02068,0,Private
SID_00754,0,Private
SID_00296,0,Public
SID_00071,0,Private
SID_04450,1,Public
SID_07884,1,Public
SID_01693,0,Private
SID_03031,1,Private
SID_01531,0,Private
SID_03284,1,Private
SID_02337,0,Public
SID_02941,0,Private
SID_03804,1,Private
SID_00014,1,Public
SID_00275,0,Private
SID_01327,1,Private
SID_05857,0,Private
SID_03856,0,Public
SID_01030,1,Private
SID_02663,1,Public
SID_04637,0,Public
SID_04660,0,Private
SID_04635,1,Public
SID_08450,1,Public
SID_00535,1,Private
SID_08648,0,Public
SID_04225,1,Private
SID_04301,1,Private
SID_02178,1,Private
SID_06134,0,Private
SID_07316,1,Private
SID_09499,1,Public
SID_02306,0,Public
SID_00452,0,Public
SID_03665,0,Private
SID_00726,1,Public
SID_00009,0,Public
SID_01464,1,Public
SID_04422,1,Private
SID_05308,0,Public
SID_00464,0,Public
SID_02139,1,Public
SID_01911,0,Public
SID_08761,0,Public
SID_06441,0,Public
SID_04012,1,Public
SID_05794,0,Private
SID_03480,0,Private
SID_04897,0,Private
SID_08040,1,Private
SID_09462,0,Public
SID_00444,1,Private
SID_04058,1,Public
SID_08964,0,Public
SID_08510,0,Public
SID_00660,1,Private
SID_02773,1,Public
SID_05547,0,Public
SID_00523,1,Private
SID_06209,0,Public
SID_00781,1,Public
SID_00362,1,Public
SID_06546,1,Private
SID_01920,0,Private
SID_00568,1,Public
SID_04548,1,Private
SID_08192,0,Public
SID_02484,1,Private
SID_03129,0,Private
SID_07315,1,Private
SID_06541,0,Public
SID_01778,0,Private
SID_03939,0,Public
SID_05418,1,Public
SID_02837,0,Private
SID_05571,0,Private
SID_08301,0,Public
SID_01916,0,Private
SID_04298,0,Public
SID_00656,0,Public
SID_00897,0,Private
SID_02784,0,Public
SID_02466,1,Public
SID_08056,0,Public
SID_02059,0,Public
SID_02900,0,Private
SID_08282,1,Public
SID_07530,1,Private
SID_07490,1,Public
SID_03932,0,Public
SID_03459,1,Public
SID_08315,0,Private
SID_03027,1,Public
SID_07426,0,Public
SID_00790,1,Private
SID_01421,0,Public
SID_07169,1,Public
SID_06415,0,Public
SID_05344,0,Private
SID_06248,1,Public
SID_06212,0,Private
SID_06181,1,Private
SID_03198,1,Public
SID_03460,0,Private
SID_07355,0,Private
SID_03355,1,Private
SID_08569,1,Private
SID_00424,1,Public
SID_08555,0,Private
SID_06254,0,Public
SID_03892,1,Private
SID_01224,0,Private
SID_09443,0,Private
SID_00816,1,Private
SID_02296,0,Public
SID_07200,1,Private
SID_07625,1,Public
SID_06504,0,Public
SID_08707,0,Private
SID_01516,1,Private
SID_08900,0,Public
SID_09130,0,Public
SID_05267,1,Private
SID_00036,0,Public
SID_08392,1,Public
SID_04388,0,Public
SID_04208,0,Private
SID_04152,1,Public
SID_07149,0,Public
SID_03139,1,Private
SID_02298,0,Public
SID_07830,1,Private
SID_01216,1,Public
SID_04414,1,Public
SID_06033,1,Public
SID_02695,0,Public
SID_01213,1,Public
SID_02526,1,Public
SID_06855,0,Public
SID_02332,0,Private
SID_07906,0,Public
SID_01890,0,Private
SID_08211,1,Private
SID_02185,1,Private
SID_01438,0,Private
SID_05102,0,Public
SID_07756,0,Private
SID_07540,0,Public
SID_08643,1,Private
SID_04631,0,Private
SID_01753,0,Private
SID_03750,0,Private
SID_05283,0,Private
SID_09252,1,Private
SID_05413,1,Public
SID_04491,0,Public
SID_01790,1,Private
SID_05918,0,Private
SID_09114,1,Private
SID_09161,0,Private
SID_05922,1,Private
SID_09320,0,Public
SID_03462,0,Public
SID_02754,1,Private
SID_03113,1,Public
SID_00941,0,Private
SID_06070,0,Public
SID_07443,0,Private
SID_03767,1,Public
SID_04942,0,Public
SID_06348,0,Private
SID_05766,0,Private
SID_00885,0,Public
SID_00287,1,Private
SID_06447,1,Private
SID_03202,1,Public
SID_05993,0,Private
SID_03265,0,Private
SID_03434,0,Public
SID_09496,0,Private
SID_09000,1,Public
SID_04594,0,Private
SID_04751,0,Private
SID_05671,0,Private
SID_02078,1,Private
SID_07675,0,Public
SID_01092,1,Public
SID_05732,1,Public
SID_03923,1,Private
SID_04654,0,Private
SID_06754,1,Public
SID_03800,1,Public
SID_08689,1,Public
SID_04546,0,Private
SID_04404,1,Public
SID_08754,0,Public
SID_04432,0,Private
SID_05187,0,Public
SID_09055,1,Private
SID_07873,0,Public
SID_03754,1,Private
SID_00235,0,Public
SID_00496,1,Private
SID_08112,1,Private
SID_08451,0,Private
SID_07544,0,Public
SID_06868,0,Public
SID_02421,0,Private
SID_00690,1,Public
SID_03570,0,Private
SID_07184,1,Private
SID_06414,0,Private
SID_03072,0,Private
SID_04004,0,Private
SID_05796,1,Private
SID_03203,1,Private
SID_09286,0,Public
SID_07359,0,Private
SID_08974,0,Private
SID_00918,0,Private
SID_08670,1,Private
SID_00599,0,Public
SID_05580,1,Private
SID_03341,0,Public
SID_01061,1,Private
SID_02284,1,Public
SID_04889,0,Public
SID_03271,1,Public
SID_02201,1,Private
SID_01328,0,Private
SID_07190,0,Public
SID_03838,0,Private
SID_01644,0,Private
SID_03328,1,Public
SID_04188,1,Public
SID_08836,0,Private
SID_07660,0,Public
SID_08336,0,Public
SID_03998,0,Public
SID_05190,0,Public
SID_02650,0,Private
SID_08194,1,Public
SID_06979,0,Public
SID_06819,0,Private
SID_02502,0,Public
SID_00088,1,Private
SID_06157,0,Public
SID_04315,0,Public
SID_08873,1,Private
SID_08543,0,Public
SID_00251,1,Private
SID_05942,1,Public
SID_07262,1,Private
SID_05253,0,Private
SID_08640,0,Public
SID_00543,1,Private
SID_06027,1,Public
SID_01046,0,Public
SID_05666,1,Public
SID_04850,0,Public
SID_01076,0,Public
SID_06990,0,Private
SID_07297,1,Public
SID_05024,0,Private
SID_03336,1,Public
SID_09221,0,Public
SID_08564,0,Public
SID_00661,0,Public
SID_05931,1,Public
SID_02464,0,Public
SID_05371,0,Public
SID_01209,1,Public
SID_00550,1,Public
SID_07339,1,Public
SID_01760,0,Private
SID_01586,0,Private
SID_06957,1,Private
SID_00984,1,Private
SID_05519,1,Public
SID_03911,0,Public
SID_08072,0,Private
SID_01230,1,Public
SID_06017,1,Private
SID_01851,0,Public
SID_08356,1,Private
SID_07385,1,Public
SID_05617,0,Public
SID_04182,1,Private
SID_01126,0,Private
SID_06177,1,Private
SID_05536,0,Private
SID_04887,0,Public
SID_04082,0,Public
SID_01570,0,Private
SID_08547,0,Public
SID_01649,0,Public
SID_08775,0,Private
SID_04597,0,Private
SID_05375,1,Public
SID_07208,0,Public
SID_03654,1,Private
SID_02715,0,Private
SID_06374,0,Public
SID_04210,0,Public
SID_02070,1,Public
SID_02100,0,Public
SID_05563,0,Public
SID_03514,1,Private
SID_04647,1,Public
SID_00387,1,Public
SID_04436,1,Public
SID_03900,0,Public
SID_04431,0,Private
SID_05101,1,Public
SID_01326,0,Private
SID_07585,1,Public
SID_04713,0,Public
SID_08077,0,Public
SID_02090,1,Private
SID_03354,0,Private
SID_05976,0,Public
SID_06906,0,Private
SID_01710,1,Public
SID_00998,0,Public
SID_02165,1,Private
SID_00780,0,Private
SID_05639,0,Public
SID_03680,0,Private
SID_05691,1,Public
SID_06129,0,Public
SID_09121,1,Public
SID_05339,0,Public
SID_08736,0,Public
SID_09159,0,Public
SID_04677,1,Private
SID_07091,1,Private
SID_05518,0,Private
SID_05889,0,Private
SID_02258,0,Private
SID_00847,1,Private
SID_08642,1,Public
SID_03675,1,Private
SID_01699,1,Public
SID_02555,1,Public
SID_05005,0,Public
SID_04683,1,Private
SID_08017,0,Private
SID_08027,1,Public
SID_06216,0,Public
SID_09425,0,Public
SID_04868,0,Public
SID_00978,0,Public
SID_08170,1,Public
SID_00629,1,Public
SID_04990,1,Private
SID_01922,0,Public
SID_03058,0,Private
SID_00131,0,Private
SID_09304,0,Private
SID_01992,1,Private
SID_05043,1,Public
SID_07247,0,Private
SID_08350,0,Public
SID_05511,0,Private
SID_04874,0,Private
SID_06273,1,Public
SID_09461,1,Private
SID_00973,1,Public
SID_07377,1,Public
SID_08352,1,Private
SID_08132,1,Public
SID_02958,0,Public
SID_01818,1,Private
SID_05156,1,Private
SID_06608,0,Public
SID_05949,1,Public
SID_06831,1,Public
SID_05476,0,Private
SID_01239,0,Public
SID_03915,1,Public
SID_02779,0,Private
SID_06761,0,Public
SID_07554,1,Public
SID_02327,1,Public
SID_09233,1,Private
SID_06791,1,Private
SID_03310,1,Private
SID_09074,0,Public
SID_05080,0,Private
SID_00914,1,Public
SID_04999,0,Public
SID_00672,1,Public
SID_03489,1,Private
SID_03501,0,Private
SID_01336,0,Private
SID_09193,0,Private
SID_05268,0,Public
SID_00564,1,Public
SID_06162,0,Private
SID_06457,0,Private
SID_02981,0,Public
SID_00225,1,Public
SID_01917,0,Private
SID_03264,1,Private
SID_01247,0,Public
SID_05570,0,Public
SID_00293,1,Private
SID_03624,0,Public
SID_03274,1,Private
SID_02064,0,Public
SID_08358,1,Public
SID_02190,0,Public
SID_08028,1,Private
SID_08397,0,Public
SID_03531,1,Public
SID_03788,0,Private
SID_08268,0,Private
SID_05261,1,Public
SID_06609,0,Public
SID_03606,0,Private
SID_09390,1,Private
SID_08289,0,Private
SID_04224,0,Private
SID_03572,1,Public
SID_04093,1,Public
SID_04704,0,Public
SID_01145,0,Private
SID_00241,1,Private
SID_07047,1,Private
SID_06167,1,Public
SID_01803,0,Public
SID_04359,1,Public
SID_00274,1,Private
SID_00149,1,Public
SID_02898,0,Private
SID_07959,0,Private
SID_04276,0,Private
SID_07072,0,Private
SID_01577,0,Private
SID_07054,0,Private
SID_06259,0,Public
SID_06067,0,Public
SID_05079,1,Public
SID_07766,0,Private
SID_00723,0,Private
SID_03369,1,Private
SID_07469,0,Public
SID_09214,1,Private
SID_03168,1,Public
SID_00257,0,Private
SID_06927,1,Public
SID_09264,1,Private
SID_08986,0,Private
SID_05151,0,Public
SID_01429,1,Private
SID_04156,0,Public
SID_01913,1,Private
SID_06711,1,Private
SID_06242,0,Private
SID_03311,0,Public
SID_04502,0,Public
SID_07234,0,Public
SID_05439,1,Public
SID_05747,1,Public
SID_06843,0,Private
SID_05246,0,Private
SID_07135,1,Public
SID_01973,1,Public
SID_09247,0,Public
SID_00977,1,Public
SID_04488,0,Private
SID_08118,0,Public
SID_09330,0,Private
SID_09002,0,Public
SID_02324,0,Private
SID_06474,1,Private
SID_05948,0,Private
SID_08076,0,Private
SID_02386,0,Public
SID_05969,0,Public
SID_06307,0,Private
SID_07471,0,Public
SID_09424,0,Public
SID_03626,1,Public
SID_08739,0,Public
SID_01545,1,Private
SID_08519,1,Private
SID_09401,1,Public
SID_05295,1,Public
SID_09379,0,Private
SID_08803,0,Public
SID_09441,0,Private
SID_04145,1,Private
SID_05510,0,Public
SID_08235,0,Private
SID_04417,1,Public
SID_04977,0,Private
SID_00448,1,Public
SID_08367,1,Public
SID_01788,0,Public
SID_03011,0,Public
SID_04558,1,Public
SID_02517,1,Private
SID_08868,0,Private
SID_00668,0,Private
SID_00308,1,Public
SID_02960,0,Public
SID_00695,1,Private
SID_06741,0,Private
SID_01496,1,Public
SID_07502,1,Public
SID_03980,0,Public
SID_02913,1,Public
SID_03233,1,Private
SID_05830,0,Public
SID_05154,1,Public
SID_07648,0,Public
SID_04632,1,Public
SID_07374,0,Public
SID_04322,1,Public
SID_03994,0,Private
SID_06680,1,Public
SID_03981,1,Private
SID_02761,0,Private
SID_01734,1,Private
SID_05302,0,Public
SID_07414,0,Public
SID_05471,1,Public
SID_03634,0,Public
SID_02672,0,Private
SID_06478,0,Private
SID_08183,1,Private
SID_06035,0,Private
SID_02031,1,Public
SID_07284,0,Private
SID_01120,1,Private
SID_03839,0,Public
SID_01594,1,Public
SID_01698,0,Private
SID_08685,1,Public
SID_02978,1,Private
SID_09111,1,Private
SID_01665,1,Public
SID_03443,0,Private
SID_06120,0,Public
SID_01954,0,Private
SID_08126,1,Public
SID_04648,0,Public
SID_02842,1,Public
SID_07617,0,Private
SID_07498,1,Private
SID_01305,1,Public
SID_07435,1,Public
SID_04503,0,Public
SID_05675,0,Private
SID_00227,1,Public
SID_06329,1,Private
SID_08590,1,Private
SID_08665,0,Private
SID_04644,1,Private
SID_02168,0,Private
SID_08520,0,Private
SID_02459,1,Public
SID_08551,0,Private
SID_00626,0,Private
SID_01808,1,Private
SID_03549,0,Private
SID_03872,0,Public
SID_02701,1,Public
SID_00163,1,Public
SID_08995,0,Public
SID_09032,1,Public
SID_06656,0,Private
SID_00070,1,Public
SID_08694,1,Public
SID_06235,0,Public
SID_01793,0,Private
SID_03727,0,Private
SID_05053,0,Public
SID_08375,0,Private
SID_03683,1,Public
SID_05430,1,Public
SID_05265,0,Private
SID_04848,0,Private
SID_02029,0,Private
SID_08328,0,Private
SID_01589,1,Public
SID_03759,0,Private
SID_00404,0,Private
SID_09326,1,Private
SID_00922,1,Private
SID_04938,0,Private
SID_06597,0,Private
SID_01036,1,Public
SID_00030,1,Public
SID_06078,0,Public
SID_03043,0,Private
SID_08443,0,Public
SID_03133,0,Private
SID_02711,1,Private
SID_01956,0,Public
SID_09366,1,Public
SID_01263,1,Public
SID_02129,0,Private
SID_00957,0,Public
SID_03771,0,Private
SID_05788,0,Private
SID_07859,1,Public
SID_05935,0,Public
SID_02255,0,Private
SID_01085,0,Public
SID_00503,1,Public
SID_02969,0,Private
SID_03930,0,Public
SID_08391,0,Private
SID_09166,0,Public
SID_08447,0,Private
SID_06731,0,Public
SID_06710,1,Public
SID_08690,0,Public
SID_00084,1,Public
SID_07698,1,Public
SID_03661,1,Public
SID_07225,0,Public
SID_01293,1,Public
SID_01159,0,Public
SID_00438,1,Private
SID_02273,1,Public
SID_06566,1,Public
SID_03921,0,Public
SID_02266,0,Public
SID_08124,1,Private
SID_03331,1,Private
SID_01747,0,Public
SID_06331,1,Private
SID_01729,1,Private
SID_00792,1,Public
SID_07276,1,Public
SID_00120,1,Public
SID_07989,1,Private
SID_06356,1,Public
SID_03032,0,Private
SID_09364,0,Public
SID_04572,0,Private
SID_03021,1,Private
SID_08533,0,Public
SID_04495,1,Private
SID_00644,1,Public
SID_03449,0,Public
SID_07218,1,Public
SID_02200,1,Private
SID_06859,1,Public
SID_04719,1,Private
SID_05752,1,Private
SID_04532,0,Public
SID_08066,1,Private
SID_08242,0,Public
SID_01417,1,Public
SID_04144,0,Public
SID_02628,0,Public
SID_05103,0,Public
SID_09207,1,Public
SID_03569,0,Public
SID_01572,1,Private
SID_05951,1,Private
SID_06101,1,Public
SID_05926,1,Public
SID_03309,0,Public
SID_02066,0,Public
SID_08795,0,Public
SID_02132,1,Public
SID_01234,1,Private
SID_00473,0,Public
SID_02762,0,Private
SID_01880,1,Private
SID_01477,0,Public
SID_03995,1,Public
SID_09051,1,Public
SID_01249,0,Private
SID_04048,1,Public
SID_03464,1,Private
SID_06489,1,Public
SID_04522,1,Private
SID_06263,1,Public
SID_07629,0,Private
SID_02522,1,Public
SID_06513,1,Public
SID_06449,1,Public
SID_03010,0,Private
SID_09118,1,Private
SID_01798,1,Public
SID_03114,0,Private
SID_05015,0,Private
SID_00344,1,Private
SID_02675,0,Public
SID_06338,0,Private
SID_05607,0,Public
SID_06225,1,Public
SID_03986,0,Private
SID_08513,1,Public
SID_04913,0,Private
SID_03222,1,Public
SID_08963,0,Private
SID_04995,1,Public
SID_08412,0,Public
SID_07620,1,Private
SID_09259,0,Private
SID_07570,1,Public
SID_04426,1,Public
SID_04448,1,Private
SID_04881,1,Private
SID_07254,0,Public
SID_01367,0,Public
SID_03913,0,Private
SID_05248,1,Private
SID_09201,1,Public
SID_02024,0,Private
SID_02097,0,Private
SID_06850,0,Private
SID_00949,1,Public
SID_03187,0,Private
SID_03056,0,Public
SID_07265,0,Private
SID_05515,0,Private
SID_07641,1,Public
SID_00492,1,Private
SID_06616,1,Private
SID_04784,0,Private
SID_07220,0,Private
SID_08838,1,Public
SID_01810,0,Private
SID_08609,0,Private
SID_08526,1,Private
SID_03542,1,Public
SID_04405,0,Public
SID_04641,0,Private
SID_01574,1,Public
SID_04514,1,Public
SID_07095,1,Public
SID_01108,0,Private
SID_03500,0,Public
SID_08438,1,Public
SID_01606,0,Private
SID_02880,0,Public
SID_08113,0,Private
SID_02443,0,Private
SID_07575,0,Private
SID_08683,1,Private
SID_07187,1,Private
SID_09139,1,Private
SID_08857,0,Public
SID_07825,1,Public
SID_00034,1,Public
SID_05240,1,Public
SID_01186,0,Public
SID_05681,1,Public
SID_08716,0,Public
SID_00013,0,Public
SID_04252,0,Private
SID_05293,1,Private
SID_08258,0,Public
SID_08603,0,Private
SID_06165,0,Private
SID_05507,0,Private
SID_01592,0,Public
SID_01353,0,Public
SID_05751,1,Private
SID_03291,0,Public
SID_05237,1,Public
SID_01709,1,Public
SID_05287,1,Public
SID_00782,1,Private
SID_05772,1,Private
SID_01323,1,Private
SID_07708,0,Private
SID_06533,0,Public
SID_06813,0,Public
SID_05434,0,Private
SID_03039,1,Public
SID_01623,1,Private
SID_07735,0,Public
SID_07937,0,Public
SID_03001,1,Private
SID_05701,1,Private
SID_08896,1,Private
SID_01645,0,Private
SID_04902,0,Private
SID_06499,0,Private
SID_03604,1,Private
SID_07590,1,Private
SID_04313,0,Public
SID_07667,1,Public
SID_04408,0,Private
SID_04804,1,Public
SID_03059,1,Private
SID_02098,1,Public
SID_02699,0,Private
SID_01749,1,Public
SID_02591,1,Public
SID_05069,0,Private
SID_05870,0,Public
SID_07362,0,Private
SID_02657,1,Public
SID_00255,0,Public
SID_03716,0,Private
SID_01927,1,Public
SID_09257,1,Public
SID_02263,0,Private
SID_09416,1,Public
SID_05333,0,Public
SID_03844,1,Private
SID_04808,1,Public
SID_05045,0,Private
SID_01416,0,Private
SID_02303,0,Public
SID_03323,0,Public
SID_00445,1,Private
SID_00238,0,Public
SID_07467,0,Public
SID_05988,0,Public
SID_08863,0,Private
SID_00943,0,Private
SID_06436,1,Public
SID_05930,1,Private
SID_05710,0,Private
SID_00681,1,Private
SID_03484,0,Private
SID_03366,0,Private
SID_05658,1,Public
SID_04286,0,Public
SID_02079,1,Private
SID_03296,1,Public
SID_00256,0,Private
SID_00112,0,Private
SID_06536,1,Private
SID_02027,0,Public
SID_09342,1,Public
SID_01861,0,Private
SID_08975,1,Private
SID_03709,0,Public
SID_04539,1,Public
SID_01690,0,Public
SID_00474,0,Private
SID_03075,0,Private
SID_00796,0,Public
SID_01205,1,Public
SID_09220,0,Public
SID_08399,0,Public
SID_09504,1,Public
SID_01754,0,Private
SID_07627,1,Private
SID_05769,1,Private
SID_05529,1,Private
SID_00268,0,Private
SID_06786,1,Private
SID_07521,1,Public
SID_04013,1,Private
SID_00509,0,Private
SID_08269,0,Public
SID_06677,1,Private
SID_03295,1,Public
SID_03940,1,Private
SID_02503,0,Private
SID_02611,1,Public
SID_05276,0,Public
SID_03189,0,Private
SID_06247,0,Private
SID_06174,1,Private
SID_07041,1,Private
SID_00892,0,Public
SID_03191,0,Private
SID_09397,0,Public
SID_09069,0,Public
SID_04840,1,Public
SID_05538,0,Public
SID_08058,1,Public
SID_05065,1,Public
SID_04925,0,Private
SID_05689,0,Public
SID_07547,1,Public
SID_04334,0,Public
SID_04590,1,Private
SID_00924,0,Private
SID_01613,0,Private
SID_08140,1,Private
SID_00952,1,Public
SID_08910,0,Public
SID_04305,1,Public
SID_07403,0,Private
SID_00381,0,Private
SID_02444,1,Public
SID_08883,1,Public
SID_00901,0,Private
SID_06705,0,Public
SID_00899,1,Private
SID_02760,0,Private
SID_04943,0,Private
SID_03753,1,Private
SID_06664,0,Public
SID_00199,0,Public
SID_04280,1,Public
SID_02018,1,Public
SID_05537,0,Public
SID_05236,0,Public
SID_08721,0,Private
SID_07096,1,Private
SID_08804,0,Public
SID_02601,0,Public
SID_01463,1,Private
SID_07240,1,Public
SID_00022,0,Private
SID_08875,1,Public
SID_01757,0,Public
SID_07483,0,Public
SID_05374,0,Private
SID_00927,1,Private
SID_01440,1,Public
SID_00563,0,Private
SID_01685,0,Public
SID_08059,1,Public
SID_06875,1,Private
SID_09339,1,Private
SID_08542,0,Public
SID_07948,1,Public
SID_06916,1,Private
SID_05850,0,Private
SID_06311,0,Public
SID_02196,0,Public
SID_05144,0,Public
SID_06716,1,Private
SID_00454,0,Private
SID_03965,1,Private
SID_01279,1,Public
SID_00708,0,Private
SID_04958,1,Private
SID_07638,0,Public
SID_04920,1,Public
SID_06703,0,Public
SID_04584,1,Public
SID_08420,0,Private
SID_07854,0,Public
SID_09096,1,Public
SID_01801,0,Private
SID_04478,0,Private
SID_03372,0,Public
SID_01360,1,Private
SID_06619,1,Private
SID_01261,1,Public
SID_02825,1,Private
SID_03299,0,Public
SID_03681,0,Private
SID_05007,1,Private
SID_07559,0,Private
SID_05707,1,Private
SID_08219,0,Public
SID_04749,0,Public
SID_03051,1,Public
SID_09370,1,Private
SID_04073,1,Private
SID_01134,0,Private
SID_08941,0,Public
SID_08647,0,Public
SID_05606,1,Public
SID_00533,1,Public
SID_00557,1,Public
SID_01884,1,Private
SID_02668,0,Private
SID_05965,0,Private
SID_01276,0,Private
SID_03970,0,Public
SID_06492,0,Private
SID_01058,0,Private
SID_04100,0,Private
SID_03124,0,Private
SID_05348,0,Private
SID_05184,1,Public
SID_09109,1,Private
SID_08087,1,Private
SID_02476,1,Public
SID_08304,0,Private
SID_03704,0,Private
SID_00891,1,Private
SID_08395,1,Public
SID_02260,0,Public
SID_05489,1,Public
SID_02044,1,Private
SID_04325,0,Private
SID_02194,0,Private
SID_01910,0,Private
SID_06988,0,Public
SID_03708,0,Public
SID_05003,1,Private
SID_05468,0,Private
SID_01007,0,Public
SID_02742,0,Public
SID_09415,0,Public
SID_01424,0,Private
SID_00467,0,Private
SID_05688,1,Private
SID_07677,1,Public
SID_06865,0,Public
SID_05583,1,Public
SID_05419,0,Private
SID_01405,0,Private
SID_02546,1,Public
SID_04508,1,Public
SID_04636,0,Public
SID_00511,0,Private
SID_03517,1,Public
SID_00604,1,Public
SID_01951,1,Public
SID_00889,1,Public
SID_00323,0,Public
SID_02285,1,Public
SID_04003,0,Public
SID_02081,0,Public
SID_05407,1,Private
SID_00958,0,Private
SID_00089,1,Private
SID_03495,1,Public
SID_06503,0,Public
SID_07346,1,Private
SID_01844,0,Private
SID_08958,0,Public
SID_06991,1,Private
SID_01045,0,Private
SID_04218,1,Public
SID_05911,1,Private
SID_08010,1,Private
SID_03984,0,Public
SID_02803,0,Private
SID_03488,1,Private
SID_01782,0,Public
SID_09077,0,Private
SID_02685,1,Public
SID_07861,0,Private
SID_06213,0,Private
SID_01229,0,Public
SID_07576,0,Public
SID_05733,0,Private
SID_00328,1,Private
SID_02359,0,Public
SID_05064,1,Public
SID_07691,0,Private
SID_08566,1,Public
SID_07589,1,Public
SID_00312,0,Private
SID_07013,1,Private
SID_08853,0,Private
SID_01534,0,Public
SID_02649,1,Private
SID_02320,1,Public
SID_09482,0,Public
SID_01087,1,Public
SID_05758,0,Public
SID_08385,0,Public
SID_06395,0,Public
SID_09094,0,Public
SID_07799,1,Public
SID_01252,0,Public
SID_01422,1,Private
SID_07543,1,Public
SID_03316,1,Public
SID_00239,0,Public
SID_03761,0,Public
SID_02046,1,Private
SID_01001,0,Private
SID_02651,1,Public
SID_04987,0,Private
SID_02617,1,Private
SID_02680,1,Public
SID_03688,1,Private
SID_04500,0,Public
SID_04725,1,Public
SID_03076,1,Private
SID_09189,1,Public
SID_02080,0,Private
SID_07984,0,Public
SID_05442,0,Public
SID_03421,1,Private
SID_02845,0,Public
SID_06265,0,Private
SID_06691,0,Public
SID_03779,1,Public
SID_08102,0,Private
SID_05179,1,Private
SID_04730,1,Private
SID_07553,0,Public
SID_01346,0,Private
SID_02389,0,Private
SID_05169,0,Public
SID_08587,0,Private
SID_09447,0,Private
SID_04842,1,Private
SID_06111,1,Private
SID_05264,0,Public
SID_02377,0,Public
SID_04954,0,Public
SID_08745,1,Public
SID_04099,0,Private
SID_08360,1,Private
SID_02410,1,Private
SID_08382,1,Private
SID_05469,0,Public
SID_02857,0,Private
SID_03060,0,Private
SID_09132,0,Public
SID_01684,0,Public
SID_06810,0,Private
SID_08146,1,Private
SID_08662,1,Public
SID_06532,0,Private
SID_06003,0,Private
SID_04624,0,Public
SID_03527,0,Public
SID_04824,1,Private
SID_08111,0,Private
SID_08808,0,Private
SID_08411,0,Private
SID_00245,1,Private
SID_09360,1,Private
SID_05884,0,Public
SID_08220,1,Public
SID_04935,0,Private
SID_03796,0,Public
SID_06618,1,Public
SID_01277,1,Private
SID_02077,0,Public
SID_03952,1,Private
SID_07946,1,Private
SID_08992,1,Public
SID_09016,1,Public
SID_04796,0,Public
SID_02765,0,Private
SID_01398,1,Private
SID_05634,0,Public
SID_04466,1,Private
SID_02818,1,Private
SID_05167,1,Public
SID_02848,1,Private
SID_03080,1,Public
SID_08666,1,Private
SID_01565,1,Private
SID_09126,1,Private
SID_05699,0,Private
SID_05022,1,Private
SID_00884,0,Private
SID_03378,0,Private
SID_05690,0,Private
SID_01310,0,Public
SID_08532,0,Public
SID_01603,0,Private
SID_01523,0,Private
SID_00605,1,Public
SID_08921,0,Private
SID_07059,1,Public
SID_02352,1,Public
SID_07692,0,Public
SID_04041,1,Private
SID_03553,0,Private
SID_06042,1,Public
SID_05123,0,Private
SID_03724,0,Private
SID_07033,0,Private
SID_04595,1,Public
SID_07790,0,Private
SID_06744,1,Private
SID_07306,1,Public
SID_02985,0,Private
SID_05836,0,Private
SID_07876,0,Public
SID_04953,0,Public
SID_05172,1,Public
SID_02085,0,Private
SID_05334,0,Public
SID_00029,1,Private
SID_05017,1,Private
SID_01198,0,Private
SID_00410,0,Public
SID_00528,1,Private
SID_01298,0,Private
SID_09108,0,Private
SID_03158,1,Public
SID_08199,0,Public
SID_03375,0,Private
SID_07464,0,Public
SID_08216,0,Private
SID_01125,1,Public
SID_06972,0,Private
SID_03978,0,Private
SID_03890,0,Public
SID_03583,0,Public
SID_06344,0,Private
SID_03725,0,Public
SID_07268,1,Private
SID_00938,0,Private
SID_04931,0,Public
SID_08232,1,Public
SID_08119,0,Public
SID_05633,0,Private
SID_05297,0,Private
SID_02496,0,Public
SID_04400,1,Public
SID_09137,0,Public
SID_02020,1,Private
SID_07272,0,Private
SID_06288,0,Public
SID_04610,0,Private
SID_07889,0,Private
SID_07844,0,Public
SID_09491,1,Private
SID_08616,1,Private
SID_08227,1,Public
SID_00979,0,Private
SID_00267,1,Public
SID_04163,0,Private
SID_02147,0,Public
SID_05093,0,Private
SID_01312,1,Private
SID_07526,0,Public
SID_06253,0,Public
SID_03631,0,Public
SID_00010,0,Private
SID_03617,0,Private
SID_04277,1,Public
SID_01961,1,Public
SID_04290,0,Public
SID_02361,0,Public
SID_01236,0,Private
SID_07086,1,Public
SID_00493,0,Public
SID_03391,0,Private
SID_03374,1,Public
SID_06097,0,Private
SID_02349,0,Public
SID_06313,0,Public
SID_06842,0,Private
SID_03887,1,Private
SID_07853,0,Private
SID_07899,0,Private
SID_05685,1,Private
SID_01315,0,Public
SID_05243,0,Private
SID_03897,0,Public
SID_04695,0,Private
SID_02489,1,Public
SID_01089,1,Public
SID_05910,1,Public
SID_02427,0,Public
SID_06756,1,Public
SID_07294,0,Private
SID_05016,1,Public
SID_05222,1,Private
SID_00347,1,Private
SID_08408,0,Private
SID_05579,0,Private
SID_04883,1,Private
SID_07167,0,Private
SID_04020,0,Private
SID_03587,1,Private
SID_06524,1,Public
SID_09431,0,Private
SID_04378,0,Private
SID_07564,1,Private
SID_01078,1,Private
SID_05744,0,Private
SID_05292,0,Private
SID_02030,1,Public
SID_04027,0,Private
SID_08086,0,Private
SID_05861,1,Private
SID_09039,1,Public
SID_02980,0,Public
SID_09486,1,Private
SID_03103,1,Private
SID_00455,0,Public
SID_04937,0,Private
SID_03795,0,Private
SID_07206,1,Private
SID_07531,1,Public
SID_02408,0,Public
SID_07107,0,Private
SID_01485,1,Private
SID_03787,1,Private
SID_03094,0,Private
SID_01799,0,Private
SID_04814,1,Private
SID_06947,1,Private
SID_03023,0,Private
SID_07966,1,Private
SID_04056,0,Private
SID_04222,1,Private
SID_04526,1,Private
SID_02173,0,Private
SID_07908,0,Private
SID_08570,0,Private
SID_03049,0,Public
SID_05975,0,Public
SID_03875,0,Private
SID_04266,1,Private
SID_07451,0,Public
SID_06379,0,Public
SID_06769,0,Public
SID_06353,0,Private
SID_06796,0,Private
SID_07057,1,Private
SID_05121,0,Public
SID_03867,0,Private
SID_07104,1,Public
SID_02117,1,Private
SID_00701,1,Private
SID_07321,0,Public
SID_04501,1,Private
SID_05224,0,Private
SID_07598,1,Public
SID_06668,0,Public
SID_01254,1,Private
SID_06563,1,Public
SID_06358,1,Private
SID_07109,0,Public
SID_00581,1,Public
SID_08774,0,Private
SID_08588,0,Private
SID_01845,0,Private
SID_04541,1,Public
SID_03351,0,Private
SID_03552,0,Private
SID_04875,1,Public
SID_03793,0,Public
SID_01527,0,Public
SID_06811,1,Public
SID_04258,1,Public
SID_00806,0,Public
SID_01297,0,Private
SID_08977,0,Private
SID_06283,0,Private
SID_04933,0,Public
SID_00127,0,Private
SID_03818,1,Public
SID_00917,1,Private
SID_02372,1,Private
SID_06795,0,Public
SID_08288,0,Public
SID_06384,0,Public
SID_08107,0,Public
SID_08633,0,Private
SID_04697,1,Private
SID_07745,1,Public
SID_04211,0,Public
SID_00486,0,Private
SID_01931,1,Private
SID_05961,0,Public
SID_05320,0,Public
SID_06364,0,Public
SID_04619,1,Public
SID_02096,0,Private
SID_07517,1,Public
SID_01873,1,Private
SID_02756,1,Public
SID_08562,0,Private
SID_06686,1,Public
SID_03347,0,Public
SID_05527,1,Public
SID_05382,0,Private
SID_07352,0,Public
SID_04975,1,Public
SID_03247,0,Private
SID_07089,0,Private
SID_03330,1,Private
SID_01724,1,Private
SID_06255,0,Public
SID_07536,1,Private
SID_08646,1,Private
SID_01403,1,Public
SID_05986,1,Public
SID_05215,0,Public
SID_00731,0,Private
SID_05709,1,Private
SID_07445,0,Public
SID_09375,1,Public
SID_05543,1,Public
SID_02835,0,Public
SID_09517,0,Public
SID_02622,1,Public
SID_05731,0,Private
SID_03522,1,Public
SID_05335,1,Public
SID_00396,0,Private
SID_00706,0,Public
SID_06122,0,Private
SID_02056,0,Public
SID_02926,0,Private
SID_07514,0,Private
SID_09347,0,Private
SID_06179,1,Private
SID_07594,1,Private
SID_08380,0,Public
SID_09089,1,Private
SID_06895,1,Public
SID_06660,1,Public
SID_05071,0,Private
SID_09033,1,Public
SID_08726,0,Public
SID_08051,0,Private
SID_00975,0,Public
SID_01740,0,Public
SID_02472,1,Public
SID_07762,1,Private
SID_05116,1,Private
SID_05933,1,Private
SID_02709,1,Public
SID_06362,0,Private
SID_04771,0,Private
SID_02074,1,Private
SID_08539,0,Private
SID_06052,0,Private
SID_06585,0,Private
SID_00289,0,Public
SID_04857,0,Public
SID_04108,0,Public
SID_05905,0,Public
SID_04878,1,Private
SID_07816,0,Private
SID_02728,1,Private
SID_00280,1,Private
SID_03077,1,Public
SID_04872,0,Private
SID_05917,0,Public
SID_03850,1,Public
SID_03450,1,Private
SID_08800,0,Public
SID_07298,0,Public
SID_08340,1,Public
SID_08598,0,Public
SID_00498,1,Public
SID_00698,0,Public
SID_07528,1,Private
SID_03239,1,Public
SID_07279,1,Public
SID_06538,0,Public
SID_00947,1,Public
SID_00761,1,Private
SID_03125,1,Private
SID_04988,0,Private
SID_09519,0,Private
SID_01426,1,Public
SID_07771,1,Private
SID_06929,0,Private
SID_02882,1,Public
SID_04956,0,Private
SID_09385,0,Public
SID_05761,0,Private
SID_06302,1,Public
SID_08277,0,Private
SID_02500,1,Private
SID_08327,0,Public
SID_07119,1,Private
SID_04839,1,Private
SID_06713,0,Public
SID_00740,0,Private
SID_02388,0,Public
SID_07011,0,Private
SID_02642,1,Public
SID_09119,1,Public
SID_03325,0,Public
SID_03289,1,Public
SID_01437,0,Private
SID_01617,0,Public
SID_02953,0,Private
SID_09122,1,Public
SID_05299,0,Private
SID_08639,1,Private
SID_05452,0,Public
SID_03519,1,Public
SID_08334,0,Private
SID_07488,0,Private
SID_03744,0,Public
SID_03935,1,Public
SID_07580,1,Private
SID_08604,0,Private
SID_01852,1,Public
SID_03045,0,Private
SID_05372,1,Public
SID_05958,1,Private
SID_03571,0,Private
SID_07778,0,Public
SID_00764,0,Private
SID_06663,1,Public
SID_01841,0,Private
SID_00546,1,Public
SID_04052,1,Public
SID_07561,0,Private
SID_08230,0,Private
SID_07761,1,Private
SID_01651,0,Private
SID_07662,0,Private
SID_03447,0,Private
SID_05235,1,Public
SID_05643,0,Private
SID_05554,1,Private
